generation,evaluated_individuals,min_fitness,max_fitness,avg_fitness,std_fitness
0,349,1.164306994996078e-05,1.5279804022550833e-05,1.3044233546130374e-05,5.871129154515896e-07
1,323,1.164306994996078e-05,1.5279804022550833e-05,1.3133901297718189e-05,6.385839678741023e-07
2,350,1.164306994996078e-05,1.5279804022550833e-05,1.3118566475588634e-05,5.818222114804472e-07
3,340,1.164306994996078e-05,1.5279804022550833e-05,1.3154690680246431e-05,6.141781149527324e-07
4,337,1.164306994996078e-05,1.5279804022550833e-05,1.3188694411868183e-05,6.561968591090425e-07
5,346,1.164306994996078e-05,1.5279804022550833e-05,1.3191791130104091e-05,6.573949276013537e-07
6,358,1.164306994996078e-05,1.5279804022550833e-05,1.3264874909125305e-05,6.733023729482099e-07
7,338,1.164306994996078e-05,1.5279804022550833e-05,1.3238121299389598e-05,6.524870959498334e-07
8,337,1.164306994996078e-05,1.5279804022550833e-05,1.3231478731583116e-05,6.661098201482005e-07
9,362,1.164306994996078e-05,1.5279804022550833e-05,1.3214735534746297e-05,6.526876704782393e-07
10,328,1.164306994996078e-05,1.5279804022550833e-05,1.3241975376467794e-05,6.481780083516406e-07
11,364,1.164306994996078e-05,1.5279804022550833e-05,1.3261775057290626e-05,6.527661867758067e-07
12,348,1.164306994996078e-05,1.5279804022550833e-05,1.327960177249493e-05,6.786270483758045e-07
13,331,1.164306994996078e-05,1.5279804022550833e-05,1.3291192158395489e-05,6.626261217193274e-07
14,343,1.164306994996078e-05,1.5279804022550833e-05,1.327699418734608e-05,6.490343647354903e-07
15,346,1.164306994996078e-05,1.5279804022550833e-05,1.3325468284720512e-05,6.763506693350938e-07
16,345,1.164306994996078e-05,1.5279804022550833e-05,1.3328956745341277e-05,7.106743135989798e-07
17,345,1.164306994996078e-05,1.5279804022550833e-05,1.3404424410184025e-05,6.910602256343546e-07
18,335,1.164306994996078e-05,1.5279804022550833e-05,1.3428040635774089e-05,7.038633712900789e-07
19,349,1.164306994996078e-05,1.5279804022550833e-05,1.3488070686521176e-05,7.314805110946979e-07
20,339,1.164306994996078e-05,1.5279804022550833e-05,1.3557702594779747e-05,7.810644657494453e-07
21,340,1.164306994996078e-05,1.5279804022550833e-05,1.3528059647855987e-05,7.538564641459513e-07
22,337,1.164306994996078e-05,1.5279804022550833e-05,1.351275268391099e-05,7.483507279275788e-07
23,329,1.164306994996078e-05,1.5279804022550833e-05,1.3585029152872407e-05,7.459903039547337e-07
24,335,1.164306994996078e-05,1.5279804022550833e-05,1.3597313418094392e-05,7.578383699117913e-07
25,340,1.164306994996078e-05,1.5279804022550833e-05,1.363480226047178e-05,7.314578295268447e-07
26,351,1.164306994996078e-05,1.5279804022550833e-05,1.370921800505874e-05,7.568891133121359e-07
27,349,1.164306994996078e-05,1.5279804022550833e-05,1.3757997780896648e-05,7.767545021926519e-07
28,354,1.2369706131689243e-05,1.5667585456983536e-05,1.3760753316962221e-05,7.649725253181179e-07
29,347,1.2388224650062527e-05,1.5279804022550833e-05,1.3898581111101565e-05,7.940444493102012e-07
30,343,1.2388224650062527e-05,1.5279804022550833e-05,1.3923519837245495e-05,7.77245636018667e-07
31,343,1.2388224650062527e-05,1.5279804022550833e-05,1.4014976488887302e-05,7.667745987709946e-07
32,346,1.2508629192431256e-05,1.5389708653509773e-05,1.4016548731356124e-05,7.545549588729967e-07
33,353,1.2765766886267916e-05,1.545120864026701e-05,1.4091720382190835e-05,7.61538127873386e-07
34,352,1.261795435821258e-05,1.545120864026701e-05,1.4199537787746631e-05,7.39457004821871e-07
35,354,1.2765766886267916e-05,1.545120864026701e-05,1.4206795836180731e-05,7.541878265818236e-07
36,336,1.2765766886267916e-05,1.545120864026701e-05,1.4247793486485603e-05,7.4428243429799e-07
37,350,1.2809150949845634e-05,1.545120864026701e-05,1.4291206733849311e-05,7.235568496095869e-07
38,330,1.2809150949845634e-05,1.545120864026701e-05,1.4308844451546427e-05,7.39360826889552e-07
39,325,1.2809150949845634e-05,1.545120864026701e-05,1.4370505152981688e-05,7.554406203580799e-07
40,342,1.2809150949845634e-05,1.545120864026701e-05,1.4353055289095503e-05,7.601647385008545e-07
41,344,1.2809150949845634e-05,1.545120864026701e-05,1.4378200657105854e-05,7.277003635897437e-07
42,339,1.2716343206662568e-05,1.545120864026701e-05,1.4405167495964112e-05,7.16738046031353e-07
43,336,1.2809150949845634e-05,1.5518524399867523e-05,1.4480576469479542e-05,6.928752594259193e-07
44,331,1.2835087934262448e-05,1.5614511401476206e-05,1.4498737200243173e-05,6.976089015344061e-07
45,351,1.2969322024365004e-05,1.5569086116976573e-05,1.4547421081968993e-05,6.571710057552896e-07
46,346,1.3106115984405499e-05,1.5569086116976573e-05,1.4595574762081813e-05,6.219481725276732e-07
47,352,1.3106115984405499e-05,1.5569086116976573e-05,1.4555515994284835e-05,6.648131297689493e-07
48,340,1.3080044276327655e-05,1.5569086116976573e-05,1.4637738753754627e-05,6.24215184985669e-07
49,341,1.3106115984405499e-05,1.5569086116976573e-05,1.4690025384312906e-05,6.277699332800356e-07
50,360,1.3106115984405499e-05,1.5569506544126244e-05,1.4671839621625272e-05,6.505770620779061e-07
51,353,1.3106115984405499e-05,1.564155177609548e-05,1.4701656954539683e-05,6.372285443281087e-07
52,323,1.3106115984405499e-05,1.564155177609548e-05,1.473122504476616e-05,6.282380999497251e-07
53,337,1.2991902510263707e-05,1.564155177609548e-05,1.4708048155005903e-05,6.656563009015202e-07
54,338,1.2991902510263707e-05,1.56723814066985e-05,1.4804942983610877e-05,6.021462852552158e-07
55,359,1.3106115984405499e-05,1.564155177609548e-05,1.4821913016028101e-05,5.735290772845834e-07
56,327,1.3106115984405499e-05,1.60192108413764e-05,1.4844259277769362e-05,5.509930274167464e-07
57,344,1.3106115984405499e-05,1.60192108413764e-05,1.4875603742975233e-05,5.455246986136402e-07
58,333,1.3106115984405499e-05,1.60192108413764e-05,1.484436987704555e-05,5.870819274149913e-07
59,349,1.2830930447212286e-05,1.60192108413764e-05,1.4864267316122073e-05,5.99492440385704e-07
60,351,1.281120443856289e-05,1.60192108413764e-05,1.4863320560934835e-05,6.015425163445319e-07
61,327,1.3041353044740157e-05,1.60192108413764e-05,1.4897894821204015e-05,5.757647592378451e-07
62,347,1.3041353044740157e-05,1.60192108413764e-05,1.4885633134536974e-05,6.288303301574822e-07
63,349,1.3041353044740157e-05,1.60192108413764e-05,1.4902040761386339e-05,6.519702740988211e-07
64,338,1.3041353044740157e-05,1.60192108413764e-05,1.4885513450135235e-05,6.776929055133711e-07
65,359,1.3041353044740157e-05,1.60192108413764e-05,1.4950466249171434e-05,6.100158960941526e-07
66,320,1.3041353044740157e-05,1.60192108413764e-05,1.495742306764896e-05,6.104301382118662e-07
67,352,1.3041353044740157e-05,1.60192108413764e-05,1.4969392707850061e-05,6.003438234712058e-07
68,353,1.3106115984405499e-05,1.60192108413764e-05,1.5007305471987405e-05,5.788549325261111e-07
69,346,1.3106115984405499e-05,1.60192108413764e-05,1.5060101515549417e-05,5.777435762589279e-07
70,336,1.3106115984405499e-05,1.60192108413764e-05,1.5087033855989706e-05,5.743273082866223e-07
71,332,1.3106115984405499e-05,1.60192108413764e-05,1.5115048571151594e-05,5.322551624637857e-07
72,325,1.3109165892621127e-05,1.60192108413764e-05,1.5142078468922424e-05,4.994575884550343e-07
73,357,1.3109165892621127e-05,1.60192108413764e-05,1.5176356844726477e-05,4.747422023248932e-07
74,346,1.3109165892621127e-05,1.60192108413764e-05,1.5140142266249465e-05,4.809088350140745e-07
75,340,1.3109165892621127e-05,1.60192108413764e-05,1.515618717633052e-05,4.4761874585994616e-07
76,347,1.3109165892621127e-05,1.60192108413764e-05,1.5165162353871429e-05,4.597256029485671e-07
77,343,1.2987078988258294e-05,1.60192108413764e-05,1.5201735643721007e-05,4.0162402046478825e-07
78,348,1.2987078988258294e-05,1.60192108413764e-05,1.5193658743107873e-05,3.6657787086217545e-07
79,349,1.2987078988258294e-05,1.60192108413764e-05,1.5218193763466513e-05,3.712907447913075e-07
80,324,1.2987078988258294e-05,1.60192108413764e-05,1.522976830320395e-05,3.3708809109913543e-07
81,338,1.2882540828243688e-05,1.60192108413764e-05,1.523110256593137e-05,3.341811563590725e-07
82,347,1.2882540828243688e-05,1.60192108413764e-05,1.5217528306374391e-05,3.94214971639209e-07
83,342,1.2882540828243688e-05,1.60192108413764e-05,1.5204163765641417e-05,4.3214508584360064e-07
84,338,1.2882540828243688e-05,1.60192108413764e-05,1.5228004049710785e-05,3.7539517017137143e-07
85,347,1.2882540828243688e-05,1.6139087729470497e-05,1.518501747320852e-05,4.4419372916958154e-07
86,347,1.2882540828243688e-05,1.60192108413764e-05,1.5199519645823736e-05,4.4945186412316444e-07
87,331,1.2882540828243688e-05,1.60192108413764e-05,1.5195744920090924e-05,4.907532062842929e-07
88,358,1.2882540828243688e-05,1.60192108413764e-05,1.5190146190438624e-05,4.464937501471177e-07
89,351,1.2882540828243688e-05,1.6067294477358138e-05,1.519208020191401e-05,4.4054222594812773e-07
90,324,1.2882540828243688e-05,1.6067294477358138e-05,1.5203277707438739e-05,4.680475342318013e-07
91,352,1.2882540828243688e-05,1.6067294477358138e-05,1.520734886671846e-05,4.577193324691853e-07
92,343,1.2882540828243688e-05,1.6067294477358138e-05,1.5179869510250608e-05,4.863172582818447e-07
93,321,1.2882540828243688e-05,1.6067294477358138e-05,1.518189484021261e-05,4.926360679683968e-07
94,332,1.2882540828243688e-05,1.6067294477358138e-05,1.5181394014394848e-05,5.2833655885666e-07
95,354,1.2882540828243688e-05,1.6067294477358138e-05,1.5205325368570385e-05,4.568846651557281e-07
96,347,1.3991448684355837e-05,1.6067294477358138e-05,1.517297250342735e-05,4.2306094347980717e-07
97,328,1.3938578386515671e-05,1.6067294477358138e-05,1.5195328374297522e-05,3.7805550805439825e-07
98,359,1.3991448684355837e-05,1.603016420084478e-05,1.521153605070226e-05,3.644457521216219e-07
99,351,1.342254572109575e-05,1.60192108413764e-05,1.5214176846005434e-05,3.950929749880641e-07
100,344,1.3883873188873762e-05,1.60192108413764e-05,1.5215196661511666e-05,4.0890134135243507e-07
101,319,1.3208098717626077e-05,1.60192108413764e-05,1.5223373439715037e-05,4.2146140002136695e-07
102,339,1.3208098717626077e-05,1.60192108413764e-05,1.5237528458154987e-05,4.1989165255249555e-07
103,329,1.3174084026310452e-05,1.60192108413764e-05,1.5241568051320782e-05,4.1238060866850077e-07
104,339,1.3174084026310452e-05,1.60192108413764e-05,1.5255055853654854e-05,3.946434046379111e-07
105,355,1.3174084026310452e-05,1.6131308878982516e-05,1.52504096534903e-05,4.10653696154575e-07
106,345,1.3174084026310452e-05,1.6131308878982516e-05,1.528034851985346e-05,3.5939706830508285e-07
107,328,1.4114494992648423e-05,1.6131308878982516e-05,1.5316432282884443e-05,3.339767123237096e-07
108,355,1.370181674714703e-05,1.6131308878982516e-05,1.530738304593414e-05,3.5716191687520825e-07
109,337,1.370181674714703e-05,1.6131308878982516e-05,1.530432540613332e-05,3.544493140378799e-07
110,362,1.370181674714703e-05,1.6131308878982516e-05,1.5273240820197264e-05,3.6524687285036147e-07
111,345,1.370181674714703e-05,1.6131308878982516e-05,1.527833834267526e-05,3.470993181541341e-07
112,342,1.370181674714703e-05,1.6131308878982516e-05,1.5279092492620253e-05,3.617988630488419e-07
113,319,1.370181674714703e-05,1.6131308878982516e-05,1.5281751882738902e-05,3.856843317860694e-07
114,335,1.370181674714703e-05,1.6131308878982516e-05,1.528967700778631e-05,3.864883751356685e-07
115,333,1.3313638553474799e-05,1.6131308878982516e-05,1.529441801712178e-05,4.225529334167222e-07
116,334,1.370181674714703e-05,1.6131308878982516e-05,1.531575719310845e-05,3.8946635760673613e-07
117,351,1.370181674714703e-05,1.6473177106351824e-05,1.528813860965805e-05,4.232856195455526e-07
118,354,1.370181674714703e-05,1.6131308878982516e-05,1.5295444201596633e-05,4.3069258108503104e-07
119,326,1.370181674714703e-05,1.6131308878982516e-05,1.5288841465200795e-05,4.3848095270114e-07
120,351,1.3835591874411873e-05,1.6141310876737927e-05,1.532174032413604e-05,4.177989473522933e-07
121,356,1.3417896415459952e-05,1.625937046019279e-05,1.5276131821110035e-05,4.5072496404401645e-07
122,350,1.3835591874411873e-05,1.625937046019279e-05,1.5314413281185698e-05,4.2991581780408197e-07
123,364,1.3835591874411873e-05,1.625937046019279e-05,1.531046054645214e-05,4.390884333810856e-07
124,352,1.333248379857882e-05,1.625937046019279e-05,1.5306161237531592e-05,4.2897329947376433e-07
125,337,1.333248379857882e-05,1.625937046019279e-05,1.5315194343918693e-05,4.333056333576524e-07
126,350,1.333248379857882e-05,1.625937046019279e-05,1.5347836867106955e-05,4.687786413454251e-07
127,364,1.333248379857882e-05,1.625937046019279e-05,1.533760720545493e-05,4.865260917105125e-07
128,339,1.333248379857882e-05,1.625937046019279e-05,1.5362459625457617e-05,4.640456758766275e-07
129,346,1.3312318350971055e-05,1.625937046019279e-05,1.536815162659006e-05,4.520708665466943e-07
130,349,1.3312318350971055e-05,1.6317255923927443e-05,1.537531514510745e-05,4.964384953432709e-07
131,338,1.3319857597048613e-05,1.6317255923927443e-05,1.5402229403853064e-05,4.838299171588582e-07
132,350,1.3914808200665285e-05,1.625937046019279e-05,1.543458763569623e-05,4.56049090453076e-07
133,349,1.4064233770168031e-05,1.625937046019279e-05,1.5466273869006396e-05,4.522085493200624e-07
134,345,1.365945826373379e-05,1.625937046019279e-05,1.551111344457072e-05,4.0675644423953826e-07
135,346,1.365945826373379e-05,1.625937046019279e-05,1.5498145431768275e-05,4.3449008127346856e-07
136,329,1.4284319004468168e-05,1.625937046019279e-05,1.5467342251895667e-05,4.1440725313766176e-07
137,354,1.3708778994071505e-05,1.625937046019279e-05,1.5470130448783393e-05,4.1562557824821265e-07
138,329,1.4284319004468168e-05,1.625937046019279e-05,1.547369121259734e-05,3.806973294679542e-07
139,325,1.3361071857325725e-05,1.625937046019279e-05,1.5458002453706834e-05,4.076022233502356e-07
140,344,1.3361071857325725e-05,1.625937046019279e-05,1.5469294760072372e-05,3.8847650749860767e-07
141,333,1.3288311110562597e-05,1.625937046019279e-05,1.5466265130836415e-05,3.698460088667779e-07
142,348,1.3575671711494852e-05,1.625937046019279e-05,1.5462638777854764e-05,3.6134137619165666e-07
143,353,1.3221228615801123e-05,1.625937046019279e-05,1.5448939407073074e-05,3.826862063482848e-07
144,340,1.3171345164950873e-05,1.625937046019279e-05,1.5429037880631633e-05,3.89192877680319e-07
145,347,1.3171345164950873e-05,1.625937046019279e-05,1.540949338512135e-05,4.1023509794033003e-07
146,360,1.377580437112281e-05,1.625937046019279e-05,1.5437472159004184e-05,4.015242487160159e-07
147,338,1.393735638853304e-05,1.625937046019279e-05,1.5417982377209082e-05,4.032144115974622e-07
148,336,1.393735638853304e-05,1.625937046019279e-05,1.5391725107527233e-05,4.29582615636411e-07
149,360,1.393735638853304e-05,1.625937046019279e-05,1.5380069902429262e-05,4.469038944853272e-07
150,352,1.3897749533045003e-05,1.625937046019279e-05,1.5375960159628045e-05,4.6556837772483155e-07
151,352,1.3897749533045003e-05,1.6339387027010128e-05,1.5378149802414665e-05,4.3331249408152687e-07
152,339,1.393735638853304e-05,1.6339387027010128e-05,1.5403854319347878e-05,3.790293979248299e-07
153,342,1.3920539412988742e-05,1.6339387027010128e-05,1.5432328819920982e-05,3.6867962857071403e-07
154,344,1.393735638853304e-05,1.6339387027010128e-05,1.5437232393089606e-05,3.637536720362018e-07
155,359,1.4346768434215505e-05,1.6339387027010128e-05,1.545152681127708e-05,3.5437218903947323e-07
156,332,1.4424213233858796e-05,1.6339387027010128e-05,1.5475914774653047e-05,3.412225436263187e-07
157,345,1.4424213233858796e-05,1.6339387027010128e-05,1.5486895740950028e-05,3.349057506842107e-07
158,343,1.3926943992036892e-05,1.6339387027010128e-05,1.5476288879549394e-05,3.4959166155857306e-07
159,350,1.3881184112513976e-05,1.6339387027010128e-05,1.546237265184193e-05,3.5664180465454633e-07
160,346,1.3926943992036892e-05,1.6339387027010128e-05,1.543890234591739e-05,3.252644260626269e-07
161,338,1.3926943992036892e-05,1.6339387027010128e-05,1.543435736853161e-05,3.16656381760346e-07
162,338,1.3926943992036892e-05,1.6339387027010128e-05,1.5422171873484086e-05,3.151619689023174e-07
163,357,1.3559184354964376e-05,1.6339387027010128e-05,1.5412753319254166e-05,3.4319198614759686e-07
164,327,1.3926943992036892e-05,1.6339387027010128e-05,1.5403755042506776e-05,3.619415244900032e-07
165,345,1.3926943992036892e-05,1.6339387027010128e-05,1.541875802989748e-05,3.4348808879370175e-07
166,348,1.4030750069163758e-05,1.6339387027010128e-05,1.5415425047337995e-05,3.5116546502853464e-07
167,339,1.3929075613570064e-05,1.6339387027010128e-05,1.5415609102286648e-05,3.452517894719094e-07
168,352,1.3208891547082489e-05,1.6339387027010128e-05,1.540230551690251e-05,3.781248438015536e-07
169,336,1.3535094845344479e-05,1.6339387027010128e-05,1.53965634703676e-05,3.72615015262969e-07
170,350,1.3535094845344479e-05,1.6339387027010128e-05,1.538361053049216e-05,3.630559688106573e-07
171,350,1.3478208652771849e-05,1.6339387027010128e-05,1.537716331881374e-05,3.6154917766728243e-07
172,332,1.3478208652771849e-05,1.6339387027010128e-05,1.5338706844550794e-05,3.7933642184597823e-07
173,351,1.3909026258610502e-05,1.6220008813481073e-05,1.5329040778213978e-05,3.965876488651911e-07
174,358,1.3775349344985753e-05,1.6220008813481073e-05,1.533561597562619e-05,4.115703614155789e-07
175,349,1.3775349344985753e-05,1.6220008813481073e-05,1.53473792415612e-05,4.00365399379641e-07
176,351,1.3909026258610502e-05,1.6220008813481073e-05,1.5381464738956432e-05,3.7946861904095925e-07
177,327,1.2805627174716916e-05,1.6185861994847817e-05,1.541056544521393e-05,3.7140219145189e-07
178,350,1.2805627174716916e-05,1.6413127528364463e-05,1.541604525016296e-05,3.978193216067595e-07
179,348,1.2805627174716916e-05,1.6413127528364463e-05,1.5417389974240537e-05,4.246062355352757e-07
180,335,1.2805627174716916e-05,1.6413127528364463e-05,1.5428187388902964e-05,4.513192211702785e-07
181,332,1.3235735007720384e-05,1.62873313982583e-05,1.543618733120623e-05,4.3275332748988823e-07
182,345,1.3235735007720384e-05,1.62873313982583e-05,1.5449792389702092e-05,4.500336543974657e-07
183,350,1.356450425016299e-05,1.62873313982583e-05,1.5445291062799963e-05,4.6207468190679207e-07
184,347,1.3510382241944112e-05,1.62873313982583e-05,1.546585793463631e-05,4.2066294011871504e-07
185,360,1.4097154633163097e-05,1.6275367894682748e-05,1.5430601759090047e-05,4.2763906780082533e-07
186,339,1.4030607501252233e-05,1.6275367894682748e-05,1.5402099209656657e-05,4.421974756372912e-07
187,336,1.3630349823482375e-05,1.6275367894682748e-05,1.538541112068593e-05,4.259093320560496e-07
188,354,1.4030607501252233e-05,1.6275367894682748e-05,1.5410874471263447e-05,4.252300391847906e-07
189,341,1.4030607501252233e-05,1.6275367894682748e-05,1.5397700204192772e-05,4.240981154604638e-07
190,334,1.4030607501252233e-05,1.6275367894682748e-05,1.539698230834214e-05,4.192458889705656e-07
191,346,1.4030607501252233e-05,1.6315503389669567e-05,1.541921944784781e-05,3.8514436628935374e-07
192,333,1.4137015475019122e-05,1.6315503389669567e-05,1.5425707876347673e-05,3.964008082253771e-07
193,347,1.4278156154917316e-05,1.6275367894682748e-05,1.5437539195836727e-05,3.9681426693914406e-07
194,334,1.4278156154917316e-05,1.6275367894682748e-05,1.5447803738974453e-05,3.9227737395104215e-07
195,336,1.4278156154917316e-05,1.6275367894682748e-05,1.5443518165575762e-05,4.041677337226903e-07
196,334,1.288471774260168e-05,1.6275367894682748e-05,1.544517981302852e-05,4.0497277539421074e-07
197,348,1.3156290501785976e-05,1.6275367894682748e-05,1.543763477209087e-05,4.207995914622768e-07
198,351,1.3156290501785976e-05,1.6275367894682748e-05,1.5456702707384112e-05,4.0640767843602794e-07
199,362,1.3156290501785976e-05,1.6275367894682748e-05,1.546193108685975e-05,4.2435168298365203e-07
200,358,1.3156290501785976e-05,1.6275367894682748e-05,1.541699679077393e-05,4.5548902311219514e-07
201,341,1.3156290501785976e-05,1.6275367894682748e-05,1.543868336849977e-05,4.1599615261457787e-07
202,349,1.3156290501785976e-05,1.6275367894682748e-05,1.541228724492469e-05,4.149469123096925e-07
203,341,1.3953153857063708e-05,1.6409139936710008e-05,1.5457712981548355e-05,3.996333808408588e-07
204,344,1.3413915095550686e-05,1.6409139936710008e-05,1.5458844892525005e-05,4.2802919446634965e-07
205,335,1.3413915095550686e-05,1.635896836267345e-05,1.5462952378904183e-05,4.3626449546480305e-07
206,323,1.359720817662969e-05,1.635896836267345e-05,1.5476821415230307e-05,4.5240956118001563e-07
207,348,1.3953153857063708e-05,1.635896836267345e-05,1.5488871437083835e-05,4.455656276220936e-07
208,336,1.3883197490280735e-05,1.6370345544498628e-05,1.5514270948843034e-05,4.62251041183383e-07
209,339,1.3611528429805995e-05,1.635896836267345e-05,1.551366398170192e-05,5.189404749340647e-07
210,344,1.3611528429805995e-05,1.635896836267345e-05,1.551574509732192e-05,5.356077925327055e-07
211,329,1.3611528429805995e-05,1.635896836267345e-05,1.5520095168118595e-05,5.470034014017449e-07
212,339,1.3611528429805995e-05,1.6275367894682748e-05,1.55079110995121e-05,5.684526219954709e-07
213,338,1.3611528429805995e-05,1.6275367894682748e-05,1.5498369072994347e-05,5.470533843774633e-07
214,350,1.3437044248203617e-05,1.6275367894682748e-05,1.553665250531742e-05,5.525235845438748e-07
215,358,1.3611528429805995e-05,1.6275367894682748e-05,1.5576716290273143e-05,5.559390757611336e-07
216,331,1.3611528429805995e-05,1.6456010947076046e-05,1.56087245324513e-05,5.753033129361244e-07
217,338,1.3130060693983064e-05,1.6456010947076046e-05,1.5651968855414336e-05,5.72117106241046e-07
218,332,1.313418062766767e-05,1.663317385282713e-05,1.5686206276359124e-05,5.405489251952015e-07
219,341,1.3772580899143965e-05,1.663317385282713e-05,1.5703865373697416e-05,5.340521313634205e-07
220,319,1.3772580899143965e-05,1.663317385282713e-05,1.5684630704078574e-05,5.329908771473922e-07
221,354,1.3772580899143965e-05,1.663317385282713e-05,1.5694953479886668e-05,5.281201056079501e-07
222,346,1.3772580899143965e-05,1.663317385282713e-05,1.566790394596787e-05,5.251583752415036e-07
223,347,1.3772580899143965e-05,1.643492409996689e-05,1.5652844537786487e-05,5.262488482168388e-07
224,337,1.3772580899143965e-05,1.643492409996689e-05,1.562174242583624e-05,5.381530104830414e-07
225,340,1.3772580899143965e-05,1.643492409996689e-05,1.560359373722451e-05,5.577038697120945e-07
226,357,1.3772580899143965e-05,1.643492409996689e-05,1.5592245199981446e-05,5.766517672617319e-07
227,358,1.3772580899143965e-05,1.643492409996689e-05,1.5590637794578732e-05,6.010378310446194e-07
228,348,1.3772580899143965e-05,1.643492409996689e-05,1.5606901304697162e-05,6.096151052245115e-07
229,352,1.3772580899143965e-05,1.6441281540874257e-05,1.5630245002552183e-05,5.668482160333013e-07
230,349,1.3772580899143965e-05,1.6454282731506805e-05,1.5667801572757897e-05,5.766698504070395e-07
231,353,1.3772580899143965e-05,1.648691782847199e-05,1.5725845639812995e-05,5.356158274107484e-07
232,344,1.3772580899143965e-05,1.6454282731506805e-05,1.5711050848369676e-05,5.676387811746138e-07
233,346,1.3772580899143965e-05,1.6454282731506805e-05,1.571558760817004e-05,5.406326098872403e-07
234,348,1.3459259754151175e-05,1.6454282731506805e-05,1.5732265533495787e-05,5.480889104522994e-07
235,350,1.3459259754151175e-05,1.6512814544496066e-05,1.5759374811426114e-05,5.254924308940987e-07
236,348,1.3459259754151175e-05,1.6512814544496066e-05,1.5709826027477492e-05,5.458433724540823e-07
237,353,1.3691649044743216e-05,1.6512814544496066e-05,1.5731179550111425e-05,5.603045818034114e-07
238,335,1.3691649044743216e-05,1.6471901613695387e-05,1.570186101838503e-05,5.911745812324814e-07
239,334,1.3691649044743216e-05,1.6756823695352885e-05,1.574817577877986e-05,5.74639950202e-07
240,328,1.3691649044743216e-05,1.6705260799422175e-05,1.5758487817676675e-05,5.75290014575239e-07
241,347,1.3691649044743216e-05,1.6705260799422175e-05,1.577385451181241e-05,5.437624090657191e-07
242,345,1.377149651764892e-05,1.653096045836315e-05,1.572580696644558e-05,5.233547267587857e-07
243,334,1.3860670669748244e-05,1.653096045836315e-05,1.5750855169663446e-05,5.302441354737677e-07
244,339,1.3860670669748244e-05,1.6471901613695387e-05,1.574748555763749e-05,5.618859520817903e-07
245,346,1.3860670669748244e-05,1.6471901613695387e-05,1.5783297361088563e-05,5.443459317426154e-07
246,343,1.391350454600095e-05,1.6471901613695387e-05,1.5769782095903127e-05,5.625556676321945e-07
247,351,1.3681636549126789e-05,1.6471901613695387e-05,1.5817785006559313e-05,5.579646049753757e-07
248,337,1.3681636549126789e-05,1.6471901613695387e-05,1.5827731434013925e-05,5.274771878419864e-07
249,351,1.3681636549126789e-05,1.6599557957715134e-05,1.5814494037155543e-05,5.462521747563474e-07
250,339,1.4252550338659108e-05,1.6599557957715134e-05,1.5841605256360405e-05,5.37489707813616e-07
251,345,1.3968031880816821e-05,1.6599557957715134e-05,1.5805163177181838e-05,5.384820750936193e-07
252,333,1.3968031880816821e-05,1.6599557957715134e-05,1.5774957735835542e-05,5.650154932546607e-07
253,344,1.3968031880816821e-05,1.6599557957715134e-05,1.5783443018057282e-05,5.546358515005345e-07
254,338,1.4318668005100853e-05,1.6599557957715134e-05,1.579789403787299e-05,5.122599627105591e-07
255,337,1.3786254309481353e-05,1.6599557957715134e-05,1.5764931579713347e-05,5.257874053549161e-07
256,351,1.3431871689891944e-05,1.6932059905699646e-05,1.5753866197570156e-05,5.554780588866911e-07
257,341,1.3335867235264851e-05,1.6932059905699646e-05,1.5810022948067626e-05,5.33678177179462e-07
258,335,1.3335867235264851e-05,1.6932059905699646e-05,1.5790245317550544e-05,5.583974537643434e-07
259,333,1.3335867235264851e-05,1.659560260000297e-05,1.5781016488995462e-05,5.536336343816294e-07
260,347,1.304693814690751e-05,1.6477942304780566e-05,1.575104967455451e-05,5.932972066513096e-07
261,349,1.304693814690751e-05,1.6516245085026457e-05,1.574962376386039e-05,6.076070016691235e-07
262,348,1.304693814690751e-05,1.6516245085026457e-05,1.5720086298838344e-05,6.225161638873758e-07
263,349,1.304693814690751e-05,1.6516245085026457e-05,1.5661521692668575e-05,6.538155755201345e-07
264,354,1.3335867235264851e-05,1.652272995095877e-05,1.57323221379217e-05,6.229537332271419e-07
265,333,1.3335867235264851e-05,1.6516245085026457e-05,1.576678789996089e-05,6.150638996220511e-07
266,352,1.2952221441031789e-05,1.6516245085026457e-05,1.5747331172768604e-05,6.321672500635177e-07
267,328,1.2952221441031789e-05,1.6516245085026457e-05,1.577597622144809e-05,6.431534053745128e-07
268,361,1.3335867235264851e-05,1.6516245085026457e-05,1.5799738520251608e-05,6.13314960108469e-07
269,353,1.3335867235264851e-05,1.662618913737411e-05,1.5803075914744893e-05,6.481863673178577e-07
270,333,1.3335867235264851e-05,1.6516245085026457e-05,1.581796506418971e-05,6.491293876329123e-07
271,353,1.3335867235264851e-05,1.6516245085026457e-05,1.5859688929628913e-05,6.107723472148706e-07
272,349,1.301509800504565e-05,1.6516245085026457e-05,1.590125636520224e-05,5.720823439869336e-07
273,348,1.3335867235264851e-05,1.651750831851234e-05,1.5925422137059718e-05,5.165853987157957e-07
274,332,1.3335867235264851e-05,1.652038816119825e-05,1.5956464385479714e-05,5.329907867205337e-07
275,344,1.3335867235264851e-05,1.652038816119825e-05,1.5958284499382845e-05,5.207481301778562e-07
276,358,1.3335867235264851e-05,1.6554553178856428e-05,1.5955586953390763e-05,5.077319657073132e-07
277,357,1.363887794608623e-05,1.6554553178856428e-05,1.5949392972398355e-05,5.09654084715534e-07
278,367,1.363887794608623e-05,1.6554553178856428e-05,1.5917975485308588e-05,5.674885567826722e-07
279,343,1.363887794608623e-05,1.65741601416704e-05,1.5943288933478976e-05,5.550022188318849e-07
280,342,1.302440871356182e-05,1.65741601416704e-05,1.5943312781022897e-05,5.494395272402405e-07
281,329,1.302440871356182e-05,1.651750831851234e-05,1.593035423444062e-05,5.627665613728645e-07
282,330,1.3658947838131777e-05,1.651750831851234e-05,1.598460047113646e-05,4.7402804627352364e-07
283,349,1.3819550109306353e-05,1.653208895386805e-05,1.601318897360186e-05,4.1203788977159015e-07
284,327,1.3471855635970063e-05,1.653208895386805e-05,1.5985138207219463e-05,4.779345022316706e-07
285,334,1.3471855635970063e-05,1.653208895386805e-05,1.595668448393864e-05,4.822683178460016e-07
286,333,1.3554553392926365e-05,1.653208895386805e-05,1.595634204187302e-05,4.794876848430931e-07
287,342,1.3554553392926365e-05,1.653208895386805e-05,1.5979910345374435e-05,4.80840037191844e-07
288,340,1.3554553392926365e-05,1.653208895386805e-05,1.5985888530155207e-05,4.88567961034012e-07
289,321,1.389876043391231e-05,1.653208895386805e-05,1.596634464959085e-05,4.83096748464336e-07
290,332,1.3077046732637181e-05,1.653208895386805e-05,1.5947069888594327e-05,5.347750381232611e-07
291,349,1.3077046732637181e-05,1.6674722241054235e-05,1.595743773472742e-05,5.345584878032853e-07
292,342,1.3160324475436778e-05,1.6674722241054235e-05,1.5939349760365958e-05,5.628659318846543e-07
293,346,1.389876043391231e-05,1.6674722241054235e-05,1.5913952819700816e-05,5.400686177949275e-07
294,343,1.389876043391231e-05,1.6674722241054235e-05,1.5869511880484038e-05,5.886805778326021e-07
295,350,1.389876043391231e-05,1.6674722241054235e-05,1.587717214547843e-05,5.836390962252522e-07
296,330,1.3582153789192198e-05,1.6674722241054235e-05,1.5893779941032682e-05,5.544509350458232e-07
297,328,1.389876043391231e-05,1.6674722241054235e-05,1.588050890195303e-05,5.836747869197564e-07
298,348,1.3984032288606773e-05,1.6674722241054235e-05,1.5899184291412946e-05,5.654456098953112e-07
299,335,1.3984032288606773e-05,1.7078370774803436e-05,1.593721932375728e-05,5.604857831645862e-07
